U2ytkownik,Punkty
ibis,1193
5xharoldx5,1088
va-banque,997
ferguson2,959
sunxl,636
maciekfansport,523
czary-mary,415
Robert82,196
starski,180
jack 13,167
louisarrnstrong,164
jamrozek,151
KaroISTS,150
patryk7,143
elaima,142
kubusdagus,112
wiktor03,106
kudel,95
socceranalitix,92
isztwan,80
barti2000,74
xamon,63
krachoo,55
lucaxx95,47
kombajn,28
berstronny,15
pawe11980,-3
karnasutra 1 0,-5
rzabik,-5
Kolcz,-10
matip97,-17
toku-san,-18
maarcin 14,-35
roshi,-40
mark1973,-43
harlon,-47
bananos999,-49
ziroxxx,-58
pawelo2893,-65
shadow89,-83
chamberlain,-100
couchpotato,-100
fazer77,-100
funnyman,-100
gamen0,-100
krzyl8s,-100
manobros,-100
Michu9210,-100
przemovsky23,-100
SolarisPL,-100
pewnywjednym,-100
isaacofuluru,-115
seba23,-180
bfred,-200
kns_esport,-200
krzepki89,-200
p. bukmacher,-200
robe k 13,-200
successful,-200
sztabson_93,-200
zwyciestwo1960,-200
ranczo0123,-213
jakub-sitarski,-250
w-alek10,-283
nightbuk,-300
his_aimess,-300
pawelallmighty,-300
piatddz,-310
Semtex,-327
loki123,-340
stanley-63,-375
aiw15,-400
chosen70,-400
psotnick,-400
lipcaq,-447
biniuu,-457
zibil6,-555
